,hydrophobic,nucleophilic,aromatic,acidic,amide,basic,tname
0,35.8,24.742857142857144,7.514285714285714,16.4,10.428571428571429,5.114285714285714,Proteobacteria
1,32.033343256921704,24.739505805299196,5.299196189342066,21.25632628758559,6.579339089014588,10.092289371836856,Arthropoda
2,29.758588672237696,24.4661095636026,12.85979572887651,11.652739090064996,9.377901578458681,11.884865366759517,Cnidaria
3,30.771673547157828,27.31025722451572,7.335662114957129,12.416640203239124,7.621467132422992,14.54429977770721,Chordata
4,31.472081218274113,22.84263959390863,11.16751269035533,14.720812182741117,6.345177664974619,13.451776649746193,Stramenopiles
5,25.348075348075348,29.36117936117936,13.963963963963964,12.694512694512694,9.377559377559377,9.254709254709255,Echinodermata
6,35.229067930489734,24.328593996840443,19.984202211690363,5.292259083728278,5.687203791469194,9.47867298578199,Lophotrochozoa
7,24.56021650879567,25.50744248985115,8.525033829499323,14.614343707713125,8.728010825439783,18.064952638700948,Platyhelminthes
