,tname,hydrophobic,nucleophilic,aromatic,acidic,amide,basic
0,Total,27.151951835307827,23.399067780151487,9.2146824626141,15.268339483394834,11.573579335793358,13.392379102738396
1,Bacteria,29.46947717927,22.315083447558887,8.905441544020611,15.639578074315935,11.64822138708433,12.022198367750235
2,Eukaryota,23.707096272141836,25.082962564297087,9.66833148754941,14.5831000453971,11.46686177843675,15.49164785217782
3,Archaea,24.466189339697692,19.191726332537787,9.742243436754176,25.8854415274463,10.992840095465393,9.721559268098648
4,Viruses,28.66552119129439,14.63344788087056,12.88659793814433,13.974799541809851,15.75028636884307,14.0893470790378
5,other sequences,24.23576789309903,24.7483067911404,10.818231740801757,13.655500640673623,10.561962291781073,15.980230642504118
