,tname,hydrophobic,nucleophilic,aromatic,acidic,amide,basic
0,Total,31.84594366872589,21.891339902236133,8.620930875347616,14.284518191671516,10.827831326693495,12.52943603532535
1,Bacteria,33.235436338515235,21.123575295659066,8.429937779004279,14.80450681806842,11.026267596480734,11.380276172272264
2,Eukaryota,29.84004116189994,23.06662264849797,8.891124941570194,13.410810821496561,10.545077078820617,14.246323347714718
3,Archaea,30.21652530538447,17.73067368328213,9.000573284922606,23.91480104073263,10.155962898175778,8.981463787502388
4,Viruses,32.3649199022536,13.874558783600326,12.218300298669563,13.250067879446103,14.933478142818355,13.358674993212055
5,other sequences,30.49538203190596,22.703610411418975,9.924433249370278,12.527287993282956,9.689336691855583,14.659949622166247
