,tname,hydrophobic,nucleophilic,aromatic,acidic,amide,basic
0,Proteobacteria,32.090860200319085,26.043502659104867,6.779785141990404,15.659402744873749,12.003554758420648,7.422894495291248
1,Arthropoda,30.723391902461838,21.45850300640524,10.806931531371712,11.706568397399197,10.44352876983327,14.86107639252874
2,Cnidaria,25.834631015230354,24.999050476660717,10.156101636978237,12.214668236545254,10.961297428690797,15.83425120589464
3,Chordata,30.074322450750376,23.96257998742356,8.526409696431465,13.121815713625276,10.377129568418379,13.937742583350946
4,Stramenopiles,28.768115942028984,22.07729468599034,11.642512077294686,16.81159420289855,7.391304347826087,13.309178743961352
5,Echinodermata,24.77338429124406,27.634866970454212,13.29805477975403,13.552844333382332,11.31853594002646,9.42231368513891
6,Lophotrochozoa,26.285393703385914,28.547070600400414,13.41495610850769,6.666226651706158,8.600092403141707,16.486260532858118
7,Platyhelminthes,28.16619389287502,24.0113465709995,8.96045386283998,12.731520106791256,9.027198398131153,17.10328716836309
